feature,pearson_r,p_value,decision_at_alpha_0.05
Feature_3,0.40492465257968,0.0,Reject H0
Feature_15,0.44916535041806227,0.0,Reject H0
Feature_14,0.39333921429661184,0.0,Reject H0
Feature_11,0.45161172954405693,0.0,Reject H0
Feature_7,0.3470390299400763,8.675992435360057e-249,Reject H0
Feature_1,0.26202777984729647,4.5403716887095865e-154,Reject H0
Feature_5,0.20333585861361958,2.9226719415853137e-92,Reject H0
Feature_6,0.2002781061348096,1.6540356162114953e-89,Reject H0
Feature_9,0.029753602416713616,0.0031721954858422298,Reject H0
Feature_4,0.02145289705321492,0.033406187973958015,Reject H0
Feature_8,0.01434318113317251,0.15499399227068242,Fail to reject H0
Feature_13,-0.011191047217788354,0.2671895036442788,Fail to reject H0
Feature_12,0.007962567768301692,0.42984786298425576,Fail to reject H0
Feature_10,0.0006245169309457099,0.9506289218049523,Fail to reject H0
Feature_2,0.00045173782448837516,0.9642770691739155,Fail to reject H0
